id;work_estimate_id;cat_work_sor_item_id;material_master_id;load_unload_rate_master_id;sub_estimate_id;selected_load_charges;loading_charges;selected_unload_charges;unloading_charges
1;62373;14155;21233;13293;373;true;7458;false;73538
2;31240;15860;87085;13229;53339;true;85474;true;33583
3;96606;12804;73834;74043;27621;false;88297;false;68136
4;11494;77279;88140;17846;325;false;58060;true;28670
5;41080;50687;67756;92886;30582;false;79816;true;33443
6;13183;50803;63238;18754;91323;false;60648;false;7667
7;50863;14170;98863;26497;39691;false;23612;false;98241
8;17560;23749;47865;48355;85998;false;51939;false;81025
9;71803;82193;50265;47323;85384;false;48616;true;72110
10;13377;66199;25806;23024;53277;false;30710;true;45031
